<?xml version="1.0" encoding="UTF-8"?>
<!DOCTYPE suite SYSTEM "https://testng.org/testng-1.0.dtd">
<suite name="Suite">
  <test thread-count="5" name="Test">
	  <groups>
		  
		  <run>
			  
			 <include name="smoke">
				
			 </include> 
		  </run>
			  
	  </groups>
	  
	  
	  
	  
	  
    <classes>
      <class name="TestNgCases.TestNgGroupEx"/>
      
      
    </classes>
  </test>
  
  
    <test thread-count="5" name="Test2">
	  <groups>
		  
		  <run>
			  
			 <include name="sanity">
				
			 </include> 
		  </run>
			  
	  </groups>
	  
	  
	  
	  
	  
    <classes>
      <class name="TestNgCases.TestNgGroupEx"/>
      
      
    </classes>
  </test>
  
  
  
  <test thread-count="5" name="Test">
	  <groups>
		  
		  <run>
			  
			 <include name="smoke">
				
			 </include> 
		  </run>
			  
	  </groups>
	  
	  
	  
	  
	  
    <classes>
      <class name="TestNgCases.TestNgGroupEx"/>
      
      
    </classes>
  </test>
  
  
  
  
  
  
   <!-- Test -->
</suite> <!-- Suite -->
